name,age,gender,country,email
Mr Jerome Thomas,73,male,United States,jerome.thomas@example.com
Mr Gary Berry,70,male,United Kingdom,gary.berry@example.com
Mr Noham Dubois,40,male,France,noham.dubois@example.com
Mrs Naja Johansen,63,female,Denmark,naja.johansen@example.com
Mr Damien Marchand,61,male,France,damien.marchand@example.com
Mr Harri Althoff,56,male,Germany,harri.althoff@example.com
Mr Noah Olsen,40,male,Denmark,noah.olsen@example.com
Ms Britta Weinert,35,female,Germany,britta.weinert@example.com
Mr Jakob Russell,44,male,Ireland,jakob.russell@example.com
Miss Emilia Laitinen,53,female,Finland,emilia.laitinen@example.com
Ms Cathriona Hanson,53,female,Ireland,cathriona.hanson@example.com
Miss Maia Clarke,52,female,New Zealand,maia.clarke@example.com
Ms Cathy Simmmons,55,female,Australia,cathy.simmmons@example.com
Mr Gerardo Garrido,74,male,Spain,gerardo.garrido@example.com
Miss Marina Gutierrez,64,female,Spain,marina.gutierrez@example.com
Mrs Thea Singh,27,female,New Zealand,thea.singh@example.com
Ms Sheryl Williamson,51,female,United Kingdom,sheryl.williamson@example.com
Mr Grayson Walker,74,male,New Zealand,grayson.walker@example.com
Mr Johnny Rodriquez,64,male,United Kingdom,johnny.rodriquez@example.com
Ms Asta Jørgensen,72,female,Denmark,asta.jorgensen@example.com
Mr Vincenzo Rauscher,25,male,Germany,vincenzo.rauscher@example.com
Mr Louis Ross,60,male,Canada,louis.ross@example.com
Ms Sara Lane,38,female,Ireland,sara.lane@example.com
Mrs Tilde Mortensen,42,female,Denmark,tilde.mortensen@example.com
Mr Leo Montgomery,73,male,Australia,leo.montgomery@example.com
Mrs Kaitlin Harper,32,female,Ireland,kaitlin.harper@example.com
Mr Gabriel Edwards,68,male,United States,gabriel.edwards@example.com
Mr Ronald Mitchell,62,male,Ireland,ronald.mitchell@example.com
Miss Maria Madsen,37,female,Denmark,maria.madsen@example.com
Mr Ilyès Lemaire,75,male,France,ilyes.lemaire@example.com
Mr Lee Stanley,22,male,United Kingdom,lee.stanley@example.com
Mr Toivo Kotila,27,male,Finland,toivo.kotila@example.com
Mr Marshall Anderson,23,male,United States,marshall.anderson@example.com
Monsieur Tim Pierre,26,male,Switzerland,tim.pierre@example.com
Mademoiselle Gilberte Roussel,31,female,Switzerland,gilberte.roussel@example.com
Ms Wenda Laurens,41,female,Netherlands,wenda.laurens@example.com
Mr Anthony Wong,42,male,Canada,anthony.wong@example.com
Mr Giray Beşok,31,male,Turkey,giray.besok@example.com
Mrs Lotta Rintala,26,female,Finland,lotta.rintala@example.com
Miss Louisa Jevnaker,59,female,Norway,louisa.jevnaker@example.com
Monsieur Dimitri Fournier,29,male,Switzerland,dimitri.fournier@example.com
Miss Iida Ketola,46,female,Finland,iida.ketola@example.com
Miss Ceylan Nalbantoğlu,48,female,Turkey,ceylan.nalbantoglu@example.com
Miss Anna Hansen,71,female,Denmark,anna.hansen@example.com
Mr محمدمهدی سهيلي راد,55,male,Iran,mhmdmhdy.shylyrd@example.com
Ms Ilona Moilanen,22,female,Finland,ilona.moilanen@example.com
Mrs Phyllis West,46,female,United States,phyllis.west@example.com
Miss Ellen Rinne,66,female,Finland,ellen.rinne@example.com
Miss مهدیس حیدری,46,female,Iran,mhdys.hydry@example.com
Ms Laica Pires,27,female,Brazil,laica.pires@example.com
Mr Theo Miller,33,male,Canada,theo.miller@example.com
Miss Victoire Giraud,50,female,France,victoire.giraud@example.com
Mr اميرعلي کامروا,42,male,Iran,myraaly.khmrw@example.com
Ms Aino Lassila,54,female,Finland,aino.lassila@example.com
Mr Matteo Wolden,34,male,Norway,matteo.wolden@example.com
Mr Jerome Watson,25,male,Ireland,jerome.watson@example.com
Ms Marcella Brosch,38,female,Germany,marcella.brosch@example.com
Miss Victoria Pedersen,41,female,Denmark,victoria.pedersen@example.com
Miss Madison Ennis,49,female,Canada,madison.ennis@example.com
Mr Douglas Welch,30,male,Ireland,douglas.welch@example.com
Mr Yasin Heskestad,27,male,Norway,yasin.heskestad@example.com
Mr Silas Christensen,57,male,Denmark,silas.christensen@example.com
Mr پوریا مرادی,60,male,Iran,pwry.mrdy@example.com
Mr Davut Yazıcı,64,male,Turkey,davut.yazici@example.com
Mrs Frøya Grinden,53,female,Norway,froya.grinden@example.com
Mr Sócrates Teixeira,70,male,Brazil,socrates.teixeira@example.com
Madame Kelly Berger,24,female,Switzerland,kelly.berger@example.com
Mr اميرمحمد رضاییان,27,male,Iran,myrmhmd.rdyyn@example.com
Mr Sammy Bradley,34,male,Ireland,sammy.bradley@example.com
Mr Luis Lundgren,23,male,Norway,luis.lundgren@example.com
Mr Eli Fleming,25,male,United Kingdom,eli.fleming@example.com
Mr Gary Berry,70,male,United Kingdom,gary.berry@example.com
Ms Megan Brown,26,female,Canada,megan.brown@example.com
Mr Willard Kelly,31,male,Australia,willard.kelly@example.com
Miss Silje Petersen,29,female,Denmark,silje.petersen@example.com
Ms Amparo Gutierrez,40,female,Spain,amparo.gutierrez@example.com
Mr Gary Berry,70,male,United Kingdom,gary.berry@example.com
Mr Norman Carter,23,male,Australia,norman.carter@example.com
Miss عسل رضایی,66,female,Iran,aasl.rdyy@example.com
Ms Hanne Aschenbrenner,64,female,Germany,hanne.aschenbrenner@example.com
Mrs Isobel Taylor,23,female,New Zealand,isobel.taylor@example.com
Mr Diego Hidalgo,37,male,Spain,diego.hidalgo@example.com
Miss Elsie Lawrence,75,female,Australia,elsie.lawrence@example.com
Mr Thomas Smeland,36,male,Norway,thomas.smeland@example.com
Mr Jordan Castro,74,male,Australia,jordan.castro@example.com
Mrs Luisa Weißmann,32,female,Germany,luisa.weissmann@example.com
Ms Ada Torbergsen,52,female,Norway,ada.torbergsen@example.com
Mr Joona Koskela,59,male,Finland,joona.koskela@example.com
Mrs Hilda Epp,22,female,Germany,hilda.epp@example.com
Ms Mary Evanger,67,female,Norway,mary.evanger@example.com
Ms Emilia Vega,71,female,Spain,emilia.vega@example.com
Mrs Elif Süleymanoğlu,60,female,Turkey,elif.suleymanoglu@example.com
Miss Ellie Fisher,23,female,United Kingdom,ellie.fisher@example.com
Mrs Ines Moreno,62,female,Spain,ines.moreno@example.com
Ms Monica Chapman,30,female,Australia,monica.chapman@example.com
Mrs Sophia Jones,67,female,New Zealand,sophia.jones@example.com
Mrs Lorena Cabrera,68,female,Spain,lorena.cabrera@example.com
Mr محمدامين گلشن,51,male,Iran,mhmdmyn.glshn@example.com
Mr Thomas Rogers,70,male,Ireland,thomas.rogers@example.com
Mr Jake Spencer,23,male,Ireland,jake.spencer@example.com
Mr Ilyas Torset,56,male,Norway,ilyas.torset@example.com
Mr Anton Johansen,56,male,Denmark,anton.johansen@example.com
Ms Hayley Williams,62,female,New Zealand,hayley.williams@example.com
Mr Gökhan Oraloğlu,37,male,Turkey,gokhan.oraloglu@example.com
Mrs Lilou Lecomte,27,female,France,lilou.lecomte@example.com
Mademoiselle Tatjana Blanchard,44,female,Switzerland,tatjana.blanchard@example.com
Mr Pedro Peixoto,39,male,Brazil,pedro.peixoto@example.com
Miss Louise Richard,29,female,France,louise.richard@example.com
Mr كيان احمدی,71,male,Iran,kyn.hmdy@example.com
Mr Randall Griffin,32,male,Australia,randall.griffin@example.com
Ms Deniz Kahveci,54,female,Turkey,deniz.kahveci@example.com
Miss Emma Jensen,39,female,Denmark,emma.jensen@example.com
Mr Argemiro Gonçalves,69,male,Brazil,argemiro.goncalves@example.com
Miss Julcenira Peixoto,44,female,Brazil,julcenira.peixoto@example.com
Ms Nalan Ekici,31,female,Turkey,nalan.ekici@example.com
Mr Cameron Armstrong,28,male,United States,cameron.armstrong@example.com
Ms هستی رضایی,60,female,Iran,hsty.rdyy@example.com
Mr Angel Herrera,66,male,United States,angel.herrera@example.com
Mrs Frida Nielsen,60,female,Denmark,frida.nielsen@example.com
Miss Begüm Akar,66,female,Turkey,begum.akar@example.com
Ms Tia Lyngstad,65,female,Norway,tia.lyngstad@example.com
Ms Cherly Gardner,69,female,United States,cherly.gardner@example.com
Mrs Allie Rhodes,65,female,Ireland,allie.rhodes@example.com
Mr Edir Costa,66,male,Brazil,edir.costa@example.com
Mrs Molly Smith,30,female,New Zealand,molly.smith@example.com
Mr Rick Bradley,66,male,United Kingdom,rick.bradley@example.com
Mr Eliott Andre,72,male,France,eliott.andre@example.com
Mr Gary Berry,70,male,United Kingdom,gary.berry@example.com
Miss Phoebe Cook,38,female,United Kingdom,phoebe.cook@example.com
Mr Davut Mertoğlu,74,male,Turkey,davut.mertoglu@example.com
Mr Lester Pearson,27,male,Ireland,lester.pearson@example.com
Mr Xavier Addy,30,male,Canada,xavier.addy@example.com
Ms Theodora Kreijkes,35,female,Netherlands,theodora.kreijkes@example.com
Miss Julia Ambrose,34,female,Canada,julia.ambrose@example.com
Ms Soledad Lorenzo,46,female,Spain,soledad.lorenzo@example.com
Mr Ray Henry,75,male,United States,ray.henry@example.com
Miss هلیا حیدری,53,female,Iran,hly.hydry@example.com
Mr Qasim Te Wierik,52,male,Netherlands,qasim.tewierik@example.com
Ms Maria Thomsen,41,female,Denmark,maria.thomsen@example.com
Mr Ola Klakegg,28,male,Norway,ola.klakegg@example.com
Mr Thomas Garrett,30,male,United States,thomas.garrett@example.com
Mrs Cathriona Stanley,37,female,Ireland,cathriona.stanley@example.com
Mademoiselle Chiara Petit,52,female,Switzerland,chiara.petit@example.com
Mr Vedat Köybaşı,39,male,Turkey,vedat.koybasi@example.com
Ms Mareile Plate,51,female,Germany,mareile.plate@example.com
Mr میلاد نكو نظر,63,male,Iran,myld.nkwnzr@example.com
Ms Susanne Røkenes,24,female,Norway,susanne.rokenes@example.com
Mr Lauri Kotila,32,male,Finland,lauri.kotila@example.com
Mr حامد گلشن,52,male,Iran,hmd.glshn@example.com
Ms Ana Castro,66,female,Spain,ana.castro@example.com
Ms Juraci Sales,29,female,Brazil,juraci.sales@example.com
Mr Thomas Lam,42,male,Canada,thomas.lam@gmail.com
Mr Edward Brown,72,male,New Zealand,edward.brown@example.com
Mrs Sophie Lewis,75,female,New Zealand,sophie.lewis@example.com
Ms آوین کریمی,59,female,Iran,awyn.khrymy@example.com
Mr Sacha Philippe,64,male,France,sacha.philippe@example.com
Mrs Irma Torres,48,female,Australia,irma.torres@example.com
Mr Andrew Holt,38,male,Ireland,andrew.holt@example.com
Mr Rafael Spangenberg,33,male,Germany,rafael.spangenberg@example.com
Ms Oya Biçer,23,female,Turkey,oya.bicer@example.com
Mrs Stella Cooper,26,female,New Zealand,stella.cooper@example.com
Miss Mercedes Fuentes,49,female,Spain,mercedes.fuentes@example.com
Miss Savannah Thompson,46,female,New Zealand,savannah.thompson@example.com
Mr Herman Fox,57,male,United States,herman.fox@example.com
Miss Evelise Gonçalves,49,female,Brazil,evelise.goncalves@example.com
Miss Anna Daniels,62,female,Australia,anna.daniels@example.com
Miss Tracey Wheeler,35,female,United Kingdom,tracey.wheeler@example.com
Ms Vicky Mitchell,43,female,United Kingdom,vicky.mitchell@example.com
Mrs Grace Robinson,61,female,New Zealand,grace.robinson@example.com
Mrs Shannon Craig,57,female,Australia,shannon.craig@example.com
Mr Ryder Côté,25,male,Canada,ryder.cote@example.com
Mr Daniel Lilleeng,64,male,Norway,daniel.lilleeng@example.com
Mr Jesus King,54,male,Australia,jesus.king@example.com
Mr Adam Nielsen,30,male,Denmark,adam.nielsen@example.com
Ms Isla Koistinen,37,female,Finland,isla.koistinen@example.com
Ms Amke Lengkeek,62,female,Netherlands,amke.lengkeek@example.com
Miss Carmen Vargas,59,female,Spain,carmen.vargas@example.com
Mrs Andrea Andersen,45,female,Denmark,andrea.andersen@example.com
Mademoiselle Svetlana Fontai,66,female,Switzerland,svetlana.fontai@example.com
Miss Clara Møller,58,female,Denmark,clara.moller@example.com
Monsieur Laurin Leclercq,57,male,Switzerland,laurin.leclercq@example.com
Mrs Avery King,57,female,United Kingdom,avery.king@example.com
Mrs Soila Silva,63,female,Brazil,soila.silva@example.com
Mr Truls Asp,57,male,Norway,truls.asp@example.com
Mr Philip Bélanger,24,male,Canada,philip.belanger@example.com
Mrs Giulia Fournier,31,female,France,giulia.fournier@example.com
Mr Vicente Rojas,54,male,Spain,vicente.rojas@example.com
Mr Harley Johnson,28,male,New Zealand,harley.johnson@example.com
Mr Craig Alvarez,68,male,United Kingdom,craig.alvarez@example.com
Mr Carl Williamson,59,male,Ireland,carl.williamson@example.com
Miss Margrietha Holster,61,female,Netherlands,margrietha.holster@example.com
Mr Noah Moore,44,male,New Zealand,noah.moore@example.com
Mrs Julia Barnes,35,female,Ireland,julia.barnes@example.com
Ms Delphine Ginnish,58,female,Canada,delphine.ginnish@example.com
Madame Rosa Lefevre,67,female,Switzerland,rosa.lefevre@example.com
Mr Raul Bravo,46,male,Spain,raul.bravo@example.com
Miss Maeva Fortin,40,female,Canada,maeva.fortin@example.com
Mr Gabriel Berger,40,male,France,gabriel.berger@example.com
Mrs Ülkü Tanrıkulu,37,female,Turkey,ulku.tanrikulu@example.com
Mr Raff Valkema,60,male,Netherlands,raff.valkema@example.com
